333800at33208	1291at6447	441411	0	0
379771at33208	3635at6447	185001	0	0
235430at33208	3805at6447	159813	0	0
50756at33208	394at6447	129783	0	0
16244at33208	76at6447	119788	0	0
111730at33208	679at6447	118372	24	0
509816at33208	8500at6447	102654	0	0
9639at33208	80at6447	101005	0	3
121127at33208	1415at6447	89698	0	0
302186at33208	2322at6447	88266	0	0
451957at33208	2140at6447	86038	0	0
591498at33208	7950at6447	80192	0	0
460044at33208	2825at6447	77784	0	0
131349at33208	443at6447	76955	0	0
177858at33208	1057at6447	73913	189276	0
359324at33208	7002at6447	73445	27	22656
383313at33208	3027at6447	71706	0	0
102804at33208	592at6447	71578	0	0
356334at33208	549at6447	70462	0	0
249486at33208	1933at6447	69036	0	0
64435at33208	883at6447	65676	0	0
119252at33208	1214at6447	64340	0	1725
261284at33208	771at6447	63998	0	0
57158at33208	225at6447	60972	0	0
357580at33208	3355at6447	60256	0	0
268397at33208	910at6447	59344	0	0
453049at33208	3086at6447	58329	0	0
580062at33208	8622at6447	57295	0	0
76852at33208	269at6447	57141	4509	0
88053at33208	888at6447	56557	0	0
454911at33208	1201at6447	56326	12	0
244863at33208	2147at6447	56319	0	0
295775at33208	6004at6447	55977	9	39
206858at33208	1482at6447	55660	0	0
119591at33208	224at6447	55391	0	0
45934at33208	413at6447	54095	0	0
66018at33208	217at6447	53042	6	1369
436007at33208	2038at6447	52166	0	0
422751at33208	3469at6447	52068	0	0
176247at33208	3585at6447	51974	0	0
465512at33208	696at6447	51791	0	0
191938at33208	1650at6447	51784	0	0
164767at33208	1152at6447	51548	0	0
186208at33208	522at6447	51120	0	0
315044at33208	1802at6447	51000	0	0
515377at33208	2183at6447	50314	78574	0
152977at33208	1727at6447	50178	0	0
411515at33208	4977at6447	50144	0	0
338191at33208	1792at6447	49675	0	0
107151at33208	627at6447	48994	0	0
572463at33208	5336at6447	48891	0	0
153034at33208	1385at6447	48582	0	0
227087at33208	542at6447	48164	0	0
378913at33208	5261at6447	47983	0	0
393419at33208	2613at6447	47853	0	0
195986at33208	1106at6447	47226	0	0
56573at33208	397at6447	47124	499	0
214788at33208	1485at6447	45856	0	0
360753at33208	5542at6447	45775	0	0
353286at33208	3379at6447	45764	0	0
205220at33208	866at6447	44641	0	6
432287at33208	5822at6447	44464	0	0
197652at33208	1454at6447	43945	0	0
545389at33208	7588at6447	43224	0	0
132087at33208	480at6447	43086	0	0
395147at33208	4327at6447	42965	3	0
130245at33208	862at6447	42901	0	3
303117at33208	4870at6447	42879	6583	9329
166097at33208	1778at6447	42650	0	0
587513at33208	3786at6447	42564	0	0
419502at33208	6178at6447	42532	0	0
226335at33208	2394at6447	42528	3	0
429274at33208	7837at6447	42377	0	0
573203at33208	4771at6447	42143	0	0
137383at33208	980at6447	42001	0	0
321332at33208	3113at6447	41818	0	0
245567at33208	3822at6447	41406	0	0
274769at33208	2738at6447	41193	0	0
279631at33208	2391at6447	40575	0	0
317470at33208	4611at6447	40454	0	8102
245482at33208	3593at6447	40290	0	0
210614at33208	928at6447	40149	0	0
398607at33208	6445at6447	39993	30	0
99614at33208	320at6447	39930	0	0
524148at33208	4095at6447	39911	2226	3729
514892at33208	5888at6447	39338	0	0
127766at33208	1063at6447	38972	0	10461
147873at33208	1052at6447	38821	0	0
75406at33208	2212at6447	38791	0	2717
134492at33208	487at6447	38662	0	0
285902at33208	2838at6447	37822	0	0
274064at33208	4122at6447	37535	0	0
518288at33208	3498at6447	37336	0	0
262757at33208	4163at6447	37317	0	0
207599at33208	2268at6447	37314	0	0
414603at33208	2964at6447	37219	0	0
379636at33208	3515at6447	36695	3	0
474387at33208	3254at6447	36646	0	3
320390at33208	1382at6447	35985	0	0
389591at33208	6809at6447	35978	0	105
515058at33208	2231at6447	35960	0	0
261614at33208	1464at6447	35318	0	0
291505at33208	2941at6447	35271	0	26843
172677at33208	2193at6447	35237	0	3
131848at33208	648at6447	35229	0	0
456998at33208	8482at6447	34996	0	12
212972at33208	4067at6447	34578	0	9
146671at33208	3204at6447	34540	0	79020
537923at33208	7403at6447	34238	0	0
178537at33208	1273at6447	34228	0	9
218441at33208	5181at6447	34129	0	0
389527at33208	1216at6447	33912	0	11121
318532at33208	2727at6447	33781	6	0
349627at33208	4794at6447	33751	0	0
373040at33208	3818at6447	33637	0	0
146671at33208	1225at6447	33554	986	0
111746at33208	1718at6447	33216	0	15
398202at33208	4121at6447	33113	0	0
500808at33208	4908at6447	33077	0	6
368565at33208	2761at6447	33072	0	0
432050at33208	5398at6447	33021	0	0
523534at33208	7905at6447	33005	10469	12
378033at33208	2582at6447	32781	0	0
435939at33208	6712at6447	32719	0	0
504207at33208	3095at6447	32611	0	0
344338at33208	3979at6447	32490	0	0
592094at33208	8468at6447	32379	9	0
281693at33208	756at6447	32215	0	0
227979at33208	2227at6447	32042	0	0
107574at33208	1868at6447	32028	0	0
371297at33208	3597at6447	32021	0	0
266808at33208	2393at6447	31835	0	0
561417at33208	8067at6447	31797	0	0
283637at33208	2374at6447	31776	0	0
247183at33208	941at6447	31533	0	0
219795at33208	1315at6447	31370	0	0
552764at33208	7537at6447	31346	1421	0
393291at33208	4515at6447	31296	0	6
451242at33208	6512at6447	31296	0	0
453056at33208	3053at6447	31263	0	0
340577at33208	1279at6447	30562	12	0
421732at33208	5341at6447	30481	0	0
255117at33208	872at6447	30413	0	0
564234at33208	6770at6447	30251	0	0
260752at33208	1696at6447	30178	0	0
184717at33208	1092at6447	30033	0	0
457777at33208	3108at6447	30008	0	0
553585at33208	7459at6447	29928	0	0
463071at33208	4316at6447	29919	0	0
442169at33208	5612at6447	29903	0	5100
267439at33208	2296at6447	29898	0	0
503333at33208	5326at6447	29827	0	0
318483at33208	4349at6447	29469	0	0
311438at33208	5015at6447	29449	0	0
449189at33208	1648at6447	29386	0	0
239597at33208	3106at6447	29365	0	0
452574at33208	4432at6447	29286	0	6
511386at33208	2219at6447	29188	0	0
139188at33208	1483at6447	29166	0	0
387878at33208	4581at6447	29124	0	0
585809at33208	7156at6447	28952	0	0
558385at33208	5901at6447	28795	0	0
390402at33208	5071at6447	28684	0	0
63697at33208	209at6447	28512	0	0
551831at33208	5391at6447	28325	0	0
419914at33208	3918at6447	28236	0	0
495100at33208	3524at6447	28076	5249	1272
216563at33208	3795at6447	27980	0	0
184508at33208	2893at6447	27971	45	5248
591391at33208	9613at6447	27880	0	22439
240437at33208	4354at6447	27866	0	0
401220at33208	3960at6447	27866	0	0
274992at33208	1985at6447	27729	0	0
109109at33208	973at6447	27678	0	0
617020at33208	9125at6447	27595	0	15
334331at33208	2575at6447	27467	0	0
519303at33208	4330at6447	27459	0	18
428202at33208	4815at6447	27370	48	0
518569at33208	4160at6447	27360	0	0
273040at33208	5106at6447	27205	0	0
448514at33208	4892at6447	26957	0	0
500261at33208	3867at6447	26859	0	0
470523at33208	7288at6447	26757	0	0
114954at33208	1554at6447	26731	0	0
130256at33208	2059at6447	26642	0	0
143619at33208	2720at6447	26635	0	0
222489at33208	1954at6447	26526	0	0
285146at33208	3700at6447	26434	0	0
552359at33208	8721at6447	26407	0	0
196950at33208	2116at6447	26336	9	21513
563426at33208	7017at6447	26185	0	0
470197at33208	4503at6447	25958	0	36
361203at33208	3109at6447	25918	0	0
339127at33208	3246at6447	25883	0	0
608011at33208	9898at6447	25883	0	0
364694at33208	2306at6447	25847	0	0
224280at33208	1860at6447	25807	0	18
504731at33208	5566at6447	25687	0	0
586690at33208	10434at6447	25264	2382	0
366814at33208	3252at6447	25254	0	0
398013at33208	4031at6447	25122	0	0
413334at33208	4811at6447	24973	0	3
279992at33208	2772at6447	24937	0	0
255242at33208	4323at6447	24848	0	0
458807at33208	3949at6447	24777	0	0
477998at33208	4823at6447	24765	0	10480
355210at33208	2948at6447	24617	0	0
143997at33208	2839at6447	24601	0	0
346541at33208	2122at6447	24552	0	0
274044at33208	5473at6447	24506	0	10806
445034at33208	5299at6447	24325	6	0
552201at33208	6579at6447	24291	0	0
280914at33208	3294at6447	24274	18	1763
498535at33208	6444at6447	24162	0	1333
492033at33208	5898at6447	23844	0	0
356175at33208	4951at6447	23752	0	0
306101at33208	4146at6447	23748	0	0
295556at33208	1207at6447	23706	0	0
453687at33208	5954at6447	23588	2982	0
271742at33208	1854at6447	23532	0	0
471608at33208	5468at6447	23287	0	9
352600at33208	3711at6447	23185	2356	15
311761at33208	2794at6447	23090	0	0
340558at33208	4457at6447	22926	0	0
488559at33208	7396at6447	22837	6	0
573237at33208	6538at6447	22651	0	0
557962at33208	5624at6447	22600	0	0
462897at33208	3398at6447	22470	1005	0
461123at33208	10066at6447	22438	0	5279
439736at33208	3371at6447	22435	0	9
464312at33208	2905at6447	22415	0	0
502691at33208	5716at6447	22404	0	0
393895at33208	3060at6447	22139	0	0
480735at33208	4710at6447	22115	0	0
482691at33208	5196at6447	22096	6	0
442823at33208	3764at6447	22048	0	0
474144at33208	7560at6447	22019	21	0
545063at33208	5667at6447	21925	0	0
526673at33208	5352at6447	21794	0	0
179485at33208	3521at6447	21758	9	1500
455941at33208	5890at6447	21699	0	0
590470at33208	10095at6447	21510	0	0
535650at33208	7084at6447	21486	0	0
389367at33208	5759at6447	21357	0	0
180808at33208	1181at6447	21285	0	0
495389at33208	10713at6447	21266	0	0
192250at33208	3430at6447	21202	0	6
363851at33208	7198at6447	21202	0	0
491289at33208	6719at6447	21162	12	6
177718at33208	2766at6447	21142	0	3541
440493at33208	5812at6447	21086	0	0
471787at33208	3614at6447	20995	0	0
568839at33208	7803at6447	20979	0	0
533690at33208	5308at6447	20924	12	39
464286at33208	3928at6447	20776	1733	3
569303at33208	8352at6447	20722	6	0
493913at33208	7428at6447	20685	0	0
311758at33208	1733at6447	20640	0	0
332870at33208	5225at6447	20602	0	0
364383at33208	2900at6447	20557	0	0
355739at33208	6354at6447	20368	0	0
251577at33208	5693at6447	20358	0	0
423848at33208	6514at6447	20308	0	0
305260at33208	3396at6447	20283	0	0
361100at33208	3872at6447	20204	0	0
284059at33208	3281at6447	20133	12	0
200997at33208	2142at6447	20121	0	0
566116at33208	6506at6447	20058	0	0
414001at33208	6025at6447	20051	0	0
397019at33208	4252at6447	19970	0	9
443659at33208	9189at6447	19960	0	5639
580896at33208	6598at6447	19823	0	0
157109at33208	3942at6447	19749	0	0
348544at33208	5039at6447	19732	0	0
467106at33208	7164at6447	19663	0	0
331112at33208	2574at6447	19601	0	0
540193at33208	9774at6447	19547	2633	0
323399at33208	3895at6447	19520	9	0
578684at33208	9881at6447	19468	0	0
352854at33208	2446at6447	19444	0	0
40200at33208	1552at6447	19399	0	0
301572at33208	3613at6447	19239	3	0
552949at33208	9617at6447	19121	0	0
510581at33208	5938at6447	19092	3	15
403171at33208	6574at6447	19088	0	0
308610at33208	2735at6447	19069	21	0
338482at33208	4359at6447	19063	905	3
397659at33208	3963at6447	18960	3283	0
548444at33208	7087at6447	18948	0	0
327301at33208	5952at6447	18924	0	0
571944at33208	7460at6447	18630	75	0
335107at33208	4907at6447	18628	0	0
469367at33208	3899at6447	18625	0	0
523376at33208	6845at6447	18574	0	0
411755at33208	5428at6447	18218	0	0
516078at33208	5850at6447	18203	0	51
189414at33208	5029at6447	18170	0	1387
527406at33208	6244at6447	18006	0	39
563359at33208	10134at6447	17907	0	0
581006at33208	5309at6447	17755	37403	51
396237at33208	4463at6447	17644	0	827
459253at33208	6377at6447	17621	0	0
158845at33208	1731at6447	17556	0	0
468248at33208	5311at6447	17548	18	0
523206at33208	7253at6447	17479	29228	0
560694at33208	6902at6447	17339	0	0
226941at33208	2937at6447	17337	0	0
580851at33208	11063at6447	17303	0	0
266460at33208	2272at6447	17159	0	0
514565at33208	5516at6447	17142	0	0
453052at33208	4533at6447	17071	12	12
601650at33208	11298at6447	17057	33	0
511668at33208	6899at6447	17055	0	0
405257at33208	2881at6447	17002	0	0
464204at33208	4395at6447	16963	1984	2634
123923at33208	3156at6447	16947	45	0
585232at33208	9364at6447	16918	0	0
601967at33208	10833at6447	16887	0	0
401779at33208	4472at6447	16851	0	24
468359at33208	3578at6447	16765	0	0
597816at33208	7680at6447	16659	79375	0
568949at33208	7984at6447	16610	0	0
489858at33208	6380at6447	16605	0	3
592087at33208	8021at6447	16536	0	0
334764at33208	4035at6447	16506	0	0
378316at33208	3611at6447	16506	0	0
543124at33208	6702at6447	16410	0	0
323473at33208	3464at6447	16388	0	0
476036at33208	5539at6447	16363	0	3
384187at33208	2589at6447	16307	0	0
582341at33208	8617at6447	16303	27	0
272605at33208	1970at6447	16297	0	0
421396at33208	4588at6447	16281	27	0
372257at33208	5494at6447	16003	0	0
601886at33208	7863at6447	15935	18	0
412370at33208	7351at6447	15895	0	0
389570at33208	4295at6447	15837	0	0
411664at33208	7646at6447	15813	0	49501
356503at33208	5166at6447	15803	33	0
387117at33208	6429at6447	15710	0	9
367551at33208	2345at6447	15631	0	0
519777at33208	9128at6447	15628	0	0
475826at33208	7009at6447	15548	0	0
522988at33208	2403at6447	15535	0	0
600823at33208	9088at6447	15408	0	0
361216at33208	2997at6447	15327	0	0
325183at33208	2467at6447	15296	0	0
518635at33208	2447at6447	15162	0	0
535524at33208	7133at6447	15136	3	0
452499at33208	5497at6447	15121	0	9519
347600at33208	4314at6447	15081	0	0
443518at33208	5889at6447	15074	0	0
612825at33208	8129at6447	15046	0	0
440195at33208	5540at6447	14755	0	0
530431at33208	8348at6447	14737	7532	134107
464987at33208	7516at6447	14661	0	12
619415at33208	9233at6447	14618	0	0
372707at33208	4780at6447	14557	0	0
537718at33208	6813at6447	14498	0	21899
490248at33208	7255at6447	14456	0	0
559146at33208	11240at6447	14348	12	0
257339at33208	3096at6447	14305	0	0
474302at33208	4881at6447	14291	3878	3
628231at33208	6993at6447	14172	18140	0
430701at33208	8293at6447	14172	6	12
547099at33208	8708at6447	14140	0	3
450785at33208	8146at6447	14127	0	0
427349at33208	4344at6447	14119	0	0
560584at33208	10710at6447	13927	111	0
495605at33208	5164at6447	13918	0	12
517311at33208	6359at6447	13832	0	0
354829at33208	3690at6447	13661	0	0
586310at33208	9120at6447	13330	0	0
561054at33208	8426at6447	13321	0	0
472313at33208	5594at6447	13288	0	0
458988at33208	2063at6447	13251	0	0
424392at33208	5034at6447	13139	0	0
628247at33208	10432at6447	13100	0	0
339319at33208	7464at6447	13062	0	0
436539at33208	5493at6447	13061	0	0
649979at33208	11363at6447	13044	0	6
640187at33208	5059at6447	12976	0	0
414571at33208	4064at6447	12975	0	0
231700at33208	4837at6447	12959	3	24
401679at33208	9312at6447	12816	0	0
359532at33208	4662at6447	12756	0	0
559883at33208	7874at6447	12727	0	0
584333at33208	8294at6447	12590	0	0
495926at33208	9170at6447	12583	0	0
578959at33208	8987at6447	12540	0	0
641257at33208	10219at6447	12460	0	0
493505at33208	6795at6447	12418	0	6
438453at33208	7013at6447	12375	6	0
505248at33208	7512at6447	12369	0	18
562780at33208	7909at6447	12364	0	0
618986at33208	10701at6447	12317	3541	3
585313at33208	6709at6447	12299	0	0
502128at33208	4705at6447	12214	0	0
436098at33208	6179at6447	12194	0	0
567650at33208	5882at6447	12164	0	0
629763at33208	10993at6447	12126	9	0
412542at33208	5444at6447	12120	1507	0
551632at33208	7780at6447	11874	6047	6
416175at33208	7915at6447	11872	84	15
281304at33208	2413at6447	11765	0	0
468631at33208	6811at6447	11759	0	0
503828at33208	7529at6447	11747	0	9
535268at33208	7859at6447	11747	0	2597
514834at33208	5424at6447	11699	0	0
452208at33208	7325at6447	11658	0	0
409006at33208	4108at6447	11609	0	0
582265at33208	6498at6447	11531	0	0
561248at33208	5959at6447	11513	0	0
485003at33208	6021at6447	11355	0	0
483489at33208	5578at6447	11270	0	0
448196at33208	4904at6447	11257	0	0
608669at33208	8096at6447	11222	0	0
391896at33208	4539at6447	11047	0	0
447400at33208	9244at6447	11046	0	0
442203at33208	4083at6447	11000	0	0
590416at33208	8724at6447	10919	0	0
432155at33208	6814at6447	10858	24	34880
622156at33208	9434at6447	10843	0	0
480700at33208	8277at6447	10839	0	0
438433at33208	5256at6447	10823	0	0
382750at33208	4888at6447	10817	0	761
558791at33208	7526at6447	10808	55236	0
606748at33208	10074at6447	10807	0	0
227453at33208	2580at6447	10768	4427	0
450643at33208	9249at6447	10754	0	0
592759at33208	8176at6447	10673	0	0
529708at33208	6606at6447	10567	0	0
468710at33208	9091at6447	10539	0	0
315393at33208	4299at6447	10526	0	0
424646at33208	10383at6447	10491	0	0
631798at33208	10921at6447	10426	0	0
607862at33208	11044at6447	10333	3	0
494057at33208	9043at6447	10313	0	0
578582at33208	8245at6447	10305	0	0
422158at33208	4135at6447	10227	0	0
583626at33208	8705at6447	10126	0	0
432522at33208	9302at6447	10122	0	0
557596at33208	461at6447	10034	31	98760
495207at33208	5596at6447	9894	0	0
608869at33208	10802at6447	9844	0	0
510522at33208	9323at6447	9805	0	0
429011at33208	8755at6447	9796	0	0
543269at33208	8262at6447	9717	9	0
434863at33208	5946at6447	9649	21	6
555162at33208	7567at6447	9642	27	0
572434at33208	7942at6447	9604	0	10897
511575at33208	8740at6447	9595	2167	9
578354at33208	8922at6447	9554	0	0
578734at33208	7473at6447	9543	0	1809
535806at33208	9157at6447	9521	0	1123
577068at33208	8210at6447	9417	0	2634
273989at33208	3182at6447	9414	3	1882
487873at33208	7015at6447	9384	0	0
545641at33208	8320at6447	9370	1525	4811
435921at33208	7832at6447	9354	0	0
546305at33208	10927at6447	9341	0	0
632566at33208	7903at6447	9314	0	0
585656at33208	7558at6447	9300	0	0
395919at33208	3443at6447	9192	0	1005
569294at33208	9914at6447	9145	0	0
403817at33208	7232at6447	9128	0	0
539215at33208	9514at6447	9123	12	0
534757at33208	7745at6447	9097	6	0
465092at33208	5399at6447	9085	0	24
598405at33208	10369at6447	9076	0	18
501396at33208	8435at6447	9062	0	0
582473at33208	9408at6447	9034	0	0
534808at33208	6355at6447	8988	0	1456
537470at33208	8878at6447	8898	0	0
532728at33208	9081at6447	8866	9	0
449056at33208	7419at6447	8866	0	4400
529852at33208	8668at6447	8730	0	0
393219at33208	6755at6447	8699	0	0
478984at33208	5936at6447	8690	0	0
509494at33208	8244at6447	8607	0	0
504292at33208	7443at6447	8584	0	0
608190at33208	10997at6447	8525	0	0
366124at33208	6884at6447	8514	4105	3
486743at33208	10181at6447	8395	0	6
495802at33208	11010at6447	8381	0	0
545889at33208	8773at6447	8283	0	0
495311at33208	8580at6447	8267	0	0
532406at33208	6900at6447	8207	0	0
528325at33208	6707at6447	8187	0	0
631662at33208	10828at6447	8138	0	0
566262at33208	10319at6447	8085	0	0
595404at33208	8573at6447	8073	0	0
539600at33208	8101at6447	8027	0	0
532930at33208	8154at6447	8013	0	0
379076at33208	8394at6447	7991	0	0
285966at33208	3327at6447	7969	0	0
618516at33208	7799at6447	7796	0	0
606795at33208	9842at6447	7782	0	0
529093at33208	6744at6447	7727	0	0
557292at33208	6991at6447	7707	0	0
365561at33208	3790at6447	7667	0	0
548732at33208	8567at6447	7598	0	0
642773at33208	11360at6447	7524	0	0
558791at33208	1850at6447	7391	58653	0
576633at33208	7621at6447	7376	0	0
501546at33208	9499at6447	7332	0	0
466942at33208	6296at6447	7287	0	0
534312at33208	7139at6447	7224	0	0
558368at33208	7802at6447	7091	0	0
594271at33208	11058at6447	7066	0	0
556039at33208	10052at6447	7043	0	0
386666at33208	8188at6447	7041	0	0
558933at33208	8427at6447	7026	0	0
514675at33208	8477at6447	6930	0	0
631196at33208	10667at6447	6877	0	0
615531at33208	10943at6447	6855	0	0
633282at33208	11435at6447	6782	3	0
590347at33208	11520at6447	6765	95830	0
617522at33208	9673at6447	6751	21	0
630073at33208	11045at6447	6747	0	0
445031at33208	8116at6447	6727	0	0
560566at33208	9621at6447	6709	6357	5148
638541at33208	9659at6447	6689	0	0
603609at33208	10127at6447	6637	0	0
576997at33208	8741at6447	6595	0	0
515410at33208	7898at6447	6535	0	0
608924at33208	9416at6447	6531	0	0
636041at33208	10679at6447	6439	0	0
582951at33208	9628at6447	6388	0	0
568170at33208	7657at6447	6385	0	0
400042at33208	7850at6447	6370	0	5967
570646at33208	9286at6447	6327	0	0
608074at33208	9998at6447	6325	0	0
596973at33208	9465at6447	6321	0	0
162821at33208	1191at6447	6246	0	0
580288at33208	8686at6447	6145	0	0
539043at33208	8042at6447	6091	9	0
546751at33208	6912at6447	6053	0	15
643380at33208	10961at6447	5994	0	0
535664at33208	10082at6447	5980	0	0
631767at33208	9695at6447	5940	0	0
468757at33208	4390at6447	5931	0	0
587407at33208	7364at6447	5927	0	0
502429at33208	5899at6447	5907	0	0
585078at33208	11341at6447	5851	0	0
558897at33208	8962at6447	5822	9	12
561688at33208	8640at6447	5819	0	0
621808at33208	10836at6447	5797	0	0
604943at33208	8767at6447	5733	0	0
602587at33208	11251at6447	5697	0	0
382000at33208	6072at6447	5683	0	0
601242at33208	10560at6447	5663	0	0
514296at33208	7202at6447	5657	0	0
536251at33208	9290at6447	5641	0	0
548327at33208	8260at6447	5590	1297	0
289235at33208	4617at6447	5570	0	0
508986at33208	7951at6447	5478	18	0
455512at33208	7292at6447	5464	0	0
617441at33208	9890at6447	5356	6	3
541260at33208	10913at6447	5210	0	6
519030at33208	6966at6447	5189	0	0
575360at33208	10300at6447	5148	0	0
215654at33208	2232at6447	5071	0	0
620546at33208	9965at6447	4903	0	0
623995at33208	10797at6447	4889	0	0
433606at33208	4873at6447	4765	0	12
532693at33208	6360at6447	4754	15	87
547341at33208	7788at6447	4731	0	0
556587at33208	10256at6447	4723	0	0
390192at33208	4365at6447	4685	0	0
566527at33208	5613at6447	4551	0	0
620753at33208	9143at6447	4550	0	0
614305at33208	10442at6447	4534	0	0
493148at33208	6803at6447	4402	1656	128313
639252at33208	10535at6447	4351	6	0
574311at33208	10914at6447	4344	3108	0
544919at33208	6665at6447	4277	0	10986
587958at33208	9775at6447	4203	1837	0
603673at33208	10103at6447	4090	0	0
612760at33208	10019at6447	3968	0	0
539234at33208	7983at6447	3839	0	0
634447at33208	10618at6447	3724	0	0
615585at33208	11445at6447	3680	3	3
581717at33208	7406at6447	3613	0	0
609899at33208	9910at6447	3500	0	0
601768at33208	7523at6447	3467	6	3
599320at33208	9318at6447	3445	0	0
602148at33208	10504at6447	3310	0	0
529092at33208	11125at6447	3304	6	0
623444at33208	8525at6447	3291	24	0
544546at33208	9549at6447	3270	120	3
556337at33208	8288at6447	3204	12	0
521343at33208	7760at6447	3171	0	0
600462at33208	9073at6447	3039	0	0
584373at33208	10966at6447	2616	0	0
461193at33208	9943at6447	2397	7410	87
619326at33208	9384at6447	2307	0	0
611373at33208	10324at6447	2210	0	0
622461at33208	11111at6447	2140	0	0
564286at33208	8760at6447	2027	0	1382
406927at33208	11456at6447	1980	0	32082
168850at33208	1270at6447	1895	0	0
404988at33208	6214at6447	1884	0	0
539360at33208	7620at6447	1643	0	0
594842at33208	8856at6447	1567	0	0
351226at33208	5171at6447	1514	0	0
636070at33208	10917at6447	1385	0	0
541421at33208	7408at6447	1288	0	0
286553at33208	4215at6447	1199	0	75
563084at33208	11353at6447	1150	0	0
631107at33208	11248at6447	1012	6	30
177858at33208	7291at6447	1010	262179	0
395556at33208	6552at6447	989	0	0
595010at33208	8115at6447	974	3	0
622270at33208	10259at6447	963	0	0
477052at33208	6180at6447	875	0	0
511272at33208	6906at6447	869	0	3
535367at33208	8159at6447	851	21	0
465651at33208	9248at6447	827	0	0
465401at33208	5866at6447	779	0	0
556445at33208	10842at6447	773	0	9
444160at33208	6078at6447	761	0	0
559576at33208	11233at6447	722	116696	0
535782at33208	6436at6447	686	0	0
516481at33208	9905at6447	665	0	2665
495329at33208	8559at6447	626	0	0
437653at33208	8534at6447	590	0	0
526074at33208	9319at6447	557	6	0
592872at33208	8460at6447	506	0	0
504691at33208	11158at6447	482	0	0
572754at33208	10440at6447	452	0	0
551166at33208	7834at6447	425	0	0
632472at33208	10955at6447	416	0	0
618421at33208	10683at6447	383	0	0
129179at33208	None	0	268112	0
158962at33208	None	0	160473	0
300303at33208	None	0	145238	0
485696at33208	None	0	137401	0
319574at33208	None	0	137261	0
13816at33208	None	0	108446	0
464243at33208	None	0	101065	0
613580at33208	None	0	99703	0
534206at33208	None	0	90878	0
510174at33208	None	0	80579	0
334342at33208	None	0	78801	0
353768at33208	None	0	71659	0
124302at33208	None	0	69227	0
14776at33208	None	0	67141	0
148067at33208	None	0	61377	0
169864at33208	None	0	60880	0
203128at33208	None	0	60504	0
449139at33208	None	0	60451	0
99987at33208	None	0	57821	0
5951at33208	None	0	56281	0
194754at33208	None	0	55479	0
365691at33208	None	0	55371	0
515425at33208	None	0	53829	0
84980at33208	None	0	53791	0
135294at33208	None	0	52677	0
239016at33208	None	0	50785	0
49474at33208	None	0	50235	0
434068at33208	None	0	49953	0
103854at33208	None	0	47764	0
412930at33208	None	0	47630	0
203698at33208	None	0	45954	0
186707at33208	None	0	44764	0
345099at33208	None	0	44748	0
65302at33208	None	0	44213	0
354949at33208	None	0	43848	0
270594at33208	None	0	43093	0
187280at33208	None	0	40944	0
118209at33208	None	0	40215	0
517525at33208	None	0	40090	0
367957at33208	None	0	37169	0
378768at33208	None	0	36775	0
182834at33208	None	0	36400	0
435253at33208	None	0	36336	0
462325at33208	None	0	36043	0
443305at33208	None	0	35613	0
108764at33208	None	0	35050	0
515528at33208	None	0	34812	0
247905at33208	None	0	34444	0
360379at33208	None	0	34434	0
216257at33208	None	0	34432	0
259581at33208	None	0	33445	0
277935at33208	None	0	32983	0
458974at33208	None	0	32626	0
231157at33208	None	0	31989	0
502407at33208	None	0	31562	0
525542at33208	None	0	31316	0
556510at33208	None	0	30815	0
235149at33208	None	0	30475	0
168924at33208	None	0	30252	0
595858at33208	None	0	30238	0
486431at33208	None	0	29783	0
486370at33208	None	0	29515	0
611258at33208	None	0	29149	0
572074at33208	None	0	28230	0
376982at33208	None	0	28036	0
371241at33208	None	0	28009	0
501788at33208	None	0	27618	0
381303at33208	None	0	27554	0
491252at33208	None	0	27106	0
148325at33208	None	0	26910	0
246241at33208	None	0	26908	0
587399at33208	None	0	26735	0
219856at33208	None	0	26409	0
152327at33208	None	0	26176	0
359369at33208	None	0	25764	0
460518at33208	None	0	25590	0
380583at33208	None	0	25388	0
579029at33208	None	0	25195	0
251076at33208	None	0	25101	0
206786at33208	None	0	24838	0
359075at33208	None	0	24657	0
336647at33208	None	0	24612	0
628082at33208	None	0	24350	0
447320at33208	None	0	24043	0
367493at33208	None	0	23753	0
418979at33208	None	0	23663	0
438133at33208	None	0	23623	0
407472at33208	None	0	23568	0
202545at33208	None	0	23499	0
92367at33208	None	0	23415	0
367596at33208	None	0	23400	0
567809at33208	None	0	22686	0
349064at33208	None	0	22469	0
333062at33208	None	0	22387	0
473106at33208	None	0	21635	0
495175at33208	None	0	21611	0
554010at33208	None	0	21473	0
399092at33208	None	0	21455	0
409186at33208	None	0	21203	0
584023at33208	None	0	21089	0
558552at33208	None	0	20643	0
427789at33208	None	0	20513	0
313091at33208	None	0	20507	0
344581at33208	None	0	20379	0
443928at33208	None	0	20160	0
557694at33208	None	0	19959	0
554815at33208	None	0	19584	0
344442at33208	None	0	19503	0
334336at33208	None	0	19243	0
613522at33208	None	0	19241	0
467142at33208	None	0	19226	0
516716at33208	None	0	19166	0
514698at33208	None	0	19141	0
508188at33208	None	0	19140	0
255924at33208	None	0	19122	0
598944at33208	None	0	18729	0
190726at33208	None	0	18639	0
235458at33208	None	0	18569	0
302279at33208	None	0	18510	0
278227at33208	None	0	18505	0
533666at33208	None	0	18372	0
433216at33208	None	0	18003	0
115878at33208	None	0	17820	0
578726at33208	None	0	17737	0
622172at33208	None	0	17675	0
441575at33208	None	0	17637	0
414579at33208	None	0	17636	0
621585at33208	None	0	17406	0
570717at33208	None	0	17328	0
589901at33208	None	0	17172	0
363840at33208	None	0	17160	0
623324at33208	None	0	17058	0
291875at33208	None	0	16892	0
553411at33208	None	0	16842	0
561878at33208	None	0	16764	0
514740at33208	None	0	16707	0
559501at33208	None	0	16641	0
429751at33208	None	0	16462	0
514724at33208	None	0	16390	0
387079at33208	None	0	16212	0
208219at33208	None	0	16196	0
366936at33208	None	0	16181	0
348449at33208	None	0	16104	0
312577at33208	None	0	16055	0
467744at33208	None	0	15873	0
331186at33208	None	0	15824	0
446031at33208	None	0	15688	0
489359at33208	None	0	15634	0
515640at33208	None	0	15487	0
465703at33208	None	0	15442	0
526487at33208	None	0	15405	0
289928at33208	None	0	15390	0
371526at33208	None	0	15277	0
565053at33208	None	0	14974	0
516659at33208	None	0	14910	0
534172at33208	None	0	14558	0
570262at33208	None	0	14278	0
611279at33208	None	0	14182	0
496219at33208	None	0	14065	0
524165at33208	None	0	14012	0
557834at33208	None	0	13592	0
466616at33208	None	0	13522	0
585305at33208	None	0	13348	0
559732at33208	None	0	13313	0
486993at33208	None	0	13144	0
603370at33208	None	0	13119	0
569812at33208	None	0	13102	0
273367at33208	None	0	13096	0
572845at33208	None	0	12690	0
517686at33208	None	0	12619	0
569878at33208	None	0	12485	0
368875at33208	None	0	12463	0
324249at33208	None	0	12361	0
344611at33208	None	0	12311	0
618339at33208	None	0	12289	0
268134at33208	None	0	12213	0
334272at33208	None	0	12065	0
435678at33208	None	0	11800	0
606539at33208	None	0	11775	0
508379at33208	None	0	11766	0
428754at33208	None	0	11696	0
549156at33208	None	0	11669	0
587688at33208	None	0	11601	0
472352at33208	None	0	11390	0
223234at33208	None	0	11320	0
307109at33208	None	0	11111	0
581543at33208	None	0	11013	0
556925at33208	None	0	10963	0
477939at33208	None	0	10821	0
636300at33208	None	0	10815	0
525888at33208	None	0	10573	0
478073at33208	None	0	10544	0
344346at33208	None	0	10474	0
586156at33208	None	0	10379	0
581621at33208	None	0	10288	0
514121at33208	None	0	10264	0
622560at33208	None	0	9861	0
517968at33208	None	0	9764	0
581547at33208	None	0	9730	0
610427at33208	None	0	9566	0
368670at33208	None	0	9522	0
616120at33208	None	0	9451	0
516321at33208	None	0	9442	0
585726at33208	None	0	9361	0
541231at33208	None	0	9261	0
594172at33208	None	0	9155	0
465933at33208	None	0	9068	0
423799at33208	None	0	8970	0
401196at33208	None	0	8923	0
547766at33208	None	0	8849	0
633007at33208	None	0	8792	0
568022at33208	None	0	8764	0
271297at33208	None	0	8755	0
560453at33208	None	0	8730	0
595316at33208	None	0	8711	0
555390at33208	None	0	8599	0
573313at33208	None	0	8241	0
616716at33208	None	0	8161	0
537548at33208	None	0	8107	0
395183at33208	None	0	8016	0
586719at33208	None	0	7947	0
488635at33208	None	0	7900	0
496070at33208	None	0	7746	0
157138at33208	None	0	7654	0
616613at33208	None	0	7613	0
421685at33208	None	0	7291	0
566447at33208	None	0	7170	0
581475at33208	None	0	7166	0
561943at33208	None	0	6950	0
524322at33208	None	0	6930	0
505718at33208	None	0	6903	0
538442at33208	None	0	6899	0
637971at33208	None	0	6605	0
555538at33208	None	0	6484	0
487987at33208	None	0	6425	0
348761at33208	None	0	6399	0
643883at33208	None	0	6153	0
363634at33208	None	0	6139	0
566026at33208	None	0	6025	0
611891at33208	None	0	5938	0
625769at33208	None	0	5921	0
648300at33208	None	0	5918	0
634446at33208	None	0	5819	0
606048at33208	None	0	5578	0
633619at33208	None	0	5575	0
617667at33208	None	0	5453	0
566916at33208	None	0	5425	0
446000at33208	None	0	5220	0
522886at33208	None	0	5118	0
602089at33208	None	0	5078	0
631173at33208	None	0	5063	0
589773at33208	None	0	4993	0
544849at33208	None	0	4943	0
549988at33208	None	0	4911	0
640349at33208	None	0	4911	0
481557at33208	None	0	4887	0
563358at33208	None	0	4851	0
636423at33208	None	0	4754	0
616149at33208	None	0	4661	0
594937at33208	None	0	4500	0
257141at33208	None	0	4474	0
567750at33208	None	0	4003	0
644034at33208	None	0	3971	0
632234at33208	None	0	3956	0
302921at33208	None	0	3884	0
556189at33208	None	0	3833	0
603239at33208	None	0	3829	0
577339at33208	None	0	3787	0
625077at33208	None	0	3752	0
365323at33208	None	0	3736	0
613851at33208	None	0	3675	0
382262at33208	None	0	3674	0
606958at33208	None	0	3654	0
619250at33208	None	0	3608	0
582823at33208	None	0	3567	0
563679at33208	None	0	3513	0
610541at33208	None	0	3241	0
504912at33208	None	0	2686	0
490961at33208	None	0	2571	0
576938at33208	None	0	2561	0
345959at33208	None	0	2323	0
625091at33208	None	0	2278	0
395948at33208	None	0	1719	0
642552at33208	None	0	1504	0
234290at33208	None	0	1241	0
605189at33208	None	0	921	0
415618at33208	None	0	754	0
604211at33208	None	0	704	0
444231at33208	None	0	653	0
591316at33208	None	0	569	0
606776at33208	None	0	476	0
563832at33208	None	0	473	0
590221at33208	None	0	410	0
577929at33208	None	0	266	0
642323at33208	None	0	266	0
551620at33208	None	0	257	0
